id,firstname,lastname,email,city
0,Farruuxbek,Nozimov,farruxbeknozimov@gmail.com,Tashkent
1,Gilligan,Rocray,Gilligan.Rocray@yopmail.com,Chennai
2,Kristan,Wyn,Kristan.Wyn@yopmail.com,Simferopol
3,Heida,Socha,Heida.Socha@yopmail.com,Riverside
4,Clary,Niles,Clary.Niles@yopmail.com,Helsinki
5,Carmela,My,Carmela.My@yopmail.com,Mérida
6,Lindie,Ursulette,Lindie.Ursulette@yopmail.com,Port of Spain
7,Elsie,Honoria,Elsie.Honoria@yopmail.com,Manila
8,Candy,Revkah,Candy.Revkah@yopmail.com,Monrovia
9,Felice,Bashemeth,Felice.Bashemeth@yopmail.com,Mandurah
10,Ekaterina,Suzetta,Ekaterina.Suzetta@yopmail.com,Multan
11,Mildrid,Lymann,Mildrid.Lymann@yopmail.com,Manama
12,Silvana,Shuler,Silvana.Shuler@yopmail.com,Casablanca
13,Frank,Sperling,Frank.Sperling@yopmail.com,Nagpur
14,Lisette,Zeeba,Lisette.Zeeba@yopmail.com,London
15,Kathi,Alisia,Kathi.Alisia@yopmail.com,Cannes
16,Kristina,Harriman,Kristina.Harriman@yopmail.com,Hiroshima
17,Suzette,Diann,Suzette.Diann@yopmail.com,Stanley
18,Wendi,Hepsibah,Wendi.Hepsibah@yopmail.com,Nukuʻalofa
19,Vinita,Tiffa,Vinita.Tiffa@yopmail.com,Tirana
20,Minne,Lanita,Minne.Lanita@yopmail.com,Surat Thani
21,Mathilda,Yate,Mathilda.Yate@yopmail.com,Adana
22,Giustina,Telfer,Giustina.Telfer@yopmail.com,Rawalpindi
23,Rivalee,Fitzsimmons,Rivalee.Fitzsimmons@yopmail.com,Virginia Beach
24,Nannie,Corrine,Nannie.Corrine@yopmail.com,Budapest
25,Jenda,Goldina,Jenda.Goldina@yopmail.com,Hargeisa
26,Rosaline,Ephrem,Rosaline.Ephrem@yopmail.com,Yangon
27,Fidelia,Nisbet,Fidelia.Nisbet@yopmail.com,Virginia Beach
28,Roxane,Fredi,Roxane.Fredi@yopmail.com,Willemstad
29,Libbie,Torray,Libbie.Torray@yopmail.com,Turin
30,Pierette,Bevin,Pierette.Bevin@yopmail.com,Medellín
31,Annice,Berard,Annice.Berard@yopmail.com,Nagoya
32,Belva,Vharat,Belva.Vharat@yopmail.com,Kuala Lumpur
33,Britni,Geffner,Britni.Geffner@yopmail.com,Valdivia
34,Gwenneth,Gaspard,Gwenneth.Gaspard@yopmail.com,Auckland
35,Kathi,Sabella,Kathi.Sabella@yopmail.com,Kobe
36,Dyann,Lia,Dyann.Lia@yopmail.com,Jakarta
37,Cacilie,Vastah,Cacilie.Vastah@yopmail.com,Recife
38,Charmaine,Vharat,Charmaine.Vharat@yopmail.com,Ciudad del Este
39,Caryl,Stefa,Caryl.Stefa@yopmail.com,Kyoto
40,Cecile,Olin,Cecile.Olin@yopmail.com,Suez
41,Fanny,Sacken,Fanny.Sacken@yopmail.com,Cardiff
42,Marguerite,Tound,Marguerite.Tound@yopmail.com,Oklahoma City
43,Blinni,Gahl,Blinni.Gahl@yopmail.com,Seattle
44,Shannah,Tomasina,Shannah.Tomasina@yopmail.com,Manchester
45,Dagmar,Dituri,Dagmar.Dituri@yopmail.com,Belém
46,Dode,Wildermuth,Dode.Wildermuth@yopmail.com,Shigatse
47,Kylynn,Larochelle,Kylynn.Larochelle@yopmail.com,Puebla
48,Chrystel,Lucienne,Chrystel.Lucienne@yopmail.com,St. Louis
49,Alisha,Lutero,Alisha.Lutero@yopmail.com,Rotterdam
50,Vere,Dreda,Vere.Dreda@yopmail.com,Jinan
51,Sherrie,Kazimir,Sherrie.Kazimir@yopmail.com,Ibiza
52,Gavrielle,Hertzfeld,Gavrielle.Hertzfeld@yopmail.com,Amritsar
53,Pollyanna,Pelagias,Pollyanna.Pelagias@yopmail.com,Enugu
54,Danny,Ezar,Danny.Ezar@yopmail.com,Naypyidaw
55,Korrie,Lamoree,Korrie.Lamoree@yopmail.com,Zamboanga City
56,Jasmina,Chrystel,Jasmina.Chrystel@yopmail.com,Jerusalem
57,Aimil,Rona,Aimil.Rona@yopmail.com,Multan
58,Sean,Tacye,Sean.Tacye@yopmail.com,Lisbon
59,Ilse,Brotherson,Ilse.Brotherson@yopmail.com,Charlotte Amalie
60,Vere,Riva,Vere.Riva@yopmail.com,Gaza
61,Ketti,Cookie,Ketti.Cookie@yopmail.com,Astana
62,Natka,Tamar,Natka.Tamar@yopmail.com,Adamstown
63,Ricky,Vilma,Ricky.Vilma@yopmail.com,Yaoundé
64,Mureil,Thornburg,Mureil.Thornburg@yopmail.com,Charlotte
65,Sophia,Seumas,Sophia.Seumas@yopmail.com,Mérida
66,Deirdre,Dom,Deirdre.Dom@yopmail.com,Chaguanas
67,Lexine,Brackely,Lexine.Brackely@yopmail.com,Kaohsiung
68,Leona,Bashemeth,Leona.Bashemeth@yopmail.com,Toulouse
69,Emilia,Posner,Emilia.Posner@yopmail.com,Tamale
70,Adele,Decato,Adele.Decato@yopmail.com,Phoenix
71,Alejandra,Parette,Alejandra.Parette@yopmail.com,Lyon
72,Latisha,Zamora,Latisha.Zamora@yopmail.com,Hai Phong
73,Brena,Phyllis,Brena.Phyllis@yopmail.com,Kano
74,Maridel,Anderea,Maridel.Anderea@yopmail.com,Beijing
75,Angela,Evangelia,Angela.Evangelia@yopmail.com,Nice
76,Minne,Malina,Minne.Malina@yopmail.com,Maseru
77,Therine,Lamoree,Therine.Lamoree@yopmail.com,Kanpur
78,Jeanna,Raffo,Jeanna.Raffo@yopmail.com,Montreal
79,Philis,Carbo,Philis.Carbo@yopmail.com,Charlottetown
80,Heddie,Secrest,Heddie.Secrest@yopmail.com,Vancouver
81,Ingrid,Granoff,Ingrid.Granoff@yopmail.com,Honiara
82,Roxane,Ader,Roxane.Ader@yopmail.com,Toronto
83,Florencia,Tillford,Florencia.Tillford@yopmail.com,Concepción
84,Ottilie,Noman,Ottilie.Noman@yopmail.com,Chittagong
85,Catharine,Ephrem,Catharine.Ephrem@yopmail.com,Whitehorse
86,Gwenneth,Valerio,Gwenneth.Valerio@yopmail.com,Quezon City
87,Lily,Tengdin,Lily.Tengdin@yopmail.com,Istanbul
88,Keelia,Neva,Keelia.Neva@yopmail.com,Harbin
89,Nariko,Toffic,Nariko.Toffic@yopmail.com,Malang
90,Karly,Corrine,Karly.Corrine@yopmail.com,Skopje
91,Gloria,Pandolfi,Gloria.Pandolfi@yopmail.com,Denver
92,Winny,Hedve,Winny.Hedve@yopmail.com,Siem Reap
93,Catrina,Firmin,Catrina.Firmin@yopmail.com,Malang
94,Nessie,Si,Nessie.Si@yopmail.com,Rochester
95,Fawne,Nea,Fawne.Nea@yopmail.com,Jakarta
96,Bee,Kelula,Bee.Kelula@yopmail.com,Kuwait City
97,Lelah,Turne,Lelah.Turne@yopmail.com,Oklahoma City
98,Edyth,Gusella,Edyth.Gusella@yopmail.com,Angra do Heroísmo
99,Annecorinne,Bevin,Annecorinne.Bevin@yopmail.com,Miami
100,Shaine,Pozzy,Shaine.Pozzy@yopmail.com,Malmö
101,Janis,Catie,Janis.Catie@yopmail.com,Riverside
102,Jere,Brotherson,Jere.Brotherson@yopmail.com,Split (city)
103,Mathilda,Neva,Mathilda.Neva@yopmail.com,Yekaterinburg
104,Diena,Cornelia,Diena.Cornelia@yopmail.com,Bloemfontein
105,Sheree,Edison,Sheree.Edison@yopmail.com,Sukhumi
106,Annora,Gibbeon,Annora.Gibbeon@yopmail.com,Handan
107,Alexine,Cloris,Alexine.Cloris@yopmail.com,Shillong
108,Claresta,Lorain,Claresta.Lorain@yopmail.com,Douala
109,Modestia,Ries,Modestia.Ries@yopmail.com,Casablanca
110,Aaren,Si,Aaren.Si@yopmail.com,Shanghai
111,Emilia,Donoghue,Emilia.Donoghue@yopmail.com,Tamale
112,Caritta,Whittaker,Caritta.Whittaker@yopmail.com,Perth
113,Odessa,Lynn,Odessa.Lynn@yopmail.com,Basse-Terre
114,Deirdre,Redmond,Deirdre.Redmond@yopmail.com,Murmansk
115,Kylynn,Terrence,Kylynn.Terrence@yopmail.com,Salt Lake City
116,Hollie,Uund,Hollie.Uund@yopmail.com,Kawasaki
117,Cristine,Dominy,Cristine.Dominy@yopmail.com,Ciudad del Este
118,Evita,Estella,Evita.Estella@yopmail.com,Mamoudzou
119,Viviene,Ciapas,Viviene.Ciapas@yopmail.com,Hanover
120,Jacquetta,Milde,Jacquetta.Milde@yopmail.com,Lobamba
121,Antonietta,Wallis,Antonietta.Wallis@yopmail.com,Khartoum
122,Dagmar,Weaks,Dagmar.Weaks@yopmail.com,Zagreb
123,Hettie,Rhu,Hettie.Rhu@yopmail.com,Bloemfontein
124,Suzette,Markman,Suzette.Markman@yopmail.com,Fredericton
125,Lily,Sherfield,Lily.Sherfield@yopmail.com,Málaga
126,Cacilie,Diogenes,Cacilie.Diogenes@yopmail.com,Kaohsiung
127,Ernesta,Muriel,Ernesta.Muriel@yopmail.com,Córdoba
128,Ebonee,Seumas,Ebonee.Seumas@yopmail.com,La Serena
129,Sam,Ephrem,Sam.Ephrem@yopmail.com,Odessa
130,Kellen,Dowski,Kellen.Dowski@yopmail.com,Thessaloniki
131,Odessa,Orlene,Odessa.Orlene@yopmail.com,Mersin
132,Dorthy,Iaverne,Dorthy.Iaverne@yopmail.com,Ankara
133,Gretal,Tamar,Gretal.Tamar@yopmail.com,Almaty
134,Tobe,Obed,Tobe.Obed@yopmail.com,Belgrade
135,Shirlee,Anestassia,Shirlee.Anestassia@yopmail.com,Taipei
136,Adele,Estella,Adele.Estella@yopmail.com,Bergen
137,Beatriz,Dom,Beatriz.Dom@yopmail.com,Istanbul
138,Arlena,Sabella,Arlena.Sabella@yopmail.com,Seoul
139,Fanny,Kesley,Fanny.Kesley@yopmail.com,Málaga
140,Hayley,Couture,Hayley.Couture@yopmail.com,Sacramento
141,Aimil,Muriel,Aimil.Muriel@yopmail.com,Semarang
142,Ketti,Swigart,Ketti.Swigart@yopmail.com,Helsinki
143,Kaia,Ludewig,Kaia.Ludewig@yopmail.com,Luanda
144,Jaime,Medrek,Jaime.Medrek@yopmail.com,Warsaw
145,Pierette,Weinreb,Pierette.Weinreb@yopmail.com,Vitória
146,Marika,Schonfeld,Marika.Schonfeld@yopmail.com,Albuquerque
147,Philis,Grobe,Philis.Grobe@yopmail.com,Bergen
148,Phylis,Talia,Phylis.Talia@yopmail.com,Longyearbyen
149,Lanna,Mayeda,Lanna.Mayeda@yopmail.com,Greenwich
150,Karolina,Gert,Karolina.Gert@yopmail.com,Yekaterinburg
151,Judy,Fontana,Judy.Fontana@yopmail.com,Funafuti
152,Bernardine,Harday,Bernardine.Harday@yopmail.com,Enugu
153,Lita,Croix,Lita.Croix@yopmail.com,Sapporo
154,Rebeca,Mayeda,Rebeca.Mayeda@yopmail.com,Fortaleza
155,Susette,Montgomery,Susette.Montgomery@yopmail.com,Lobamba
156,Danika,Rozanna,Danika.Rozanna@yopmail.com,Mbabane
157,Ninnetta,Dunkin,Ninnetta.Dunkin@yopmail.com,Charlotte Amalie
158,Randa,McLaughlin,Randa.McLaughlin@yopmail.com,Auckland
159,Aryn,Arathorn,Aryn.Arathorn@yopmail.com,Hai Phong
160,Blake,Seumas,Blake.Seumas@yopmail.com,Francistown
161,Elora,Firmin,Elora.Firmin@yopmail.com,Canberra
162,Katuscha,Maxi,Katuscha.Maxi@yopmail.com,Yokohama
163,Ardys,Ferino,Ardys.Ferino@yopmail.com,Ibiza
164,Donnie,Corrine,Donnie.Corrine@yopmail.com,Calama
165,Briney,Corabella,Briney.Corabella@yopmail.com,New York City
166,Carly,Yoko,Carly.Yoko@yopmail.com,Quezon City
167,Queenie,Dalli,Queenie.Dalli@yopmail.com,Kansas City
168,Lucy,Havens,Lucy.Havens@yopmail.com,Nashville
169,Sybille,Dowski,Sybille.Dowski@yopmail.com,Palma
170,Carilyn,Audly,Carilyn.Audly@yopmail.com,Christchurch
171,Belinda,Rozanna,Belinda.Rozanna@yopmail.com,Dresden
172,Kassey,Frodi,Kassey.Frodi@yopmail.com,Livingstone
173,Myrtice,Cyrie,Myrtice.Cyrie@yopmail.com,Athens
174,Gertrud,Lalitta,Gertrud.Lalitta@yopmail.com,Serekunda
175,Angela,Raul,Angela.Raul@yopmail.com,Manzini
176,Lory,Odysseus,Lory.Odysseus@yopmail.com,Shenyang
177,Ekaterina,Casimir,Ekaterina.Casimir@yopmail.com,Tagbilaran
178,Ashlee,Cimbura,Ashlee.Cimbura@yopmail.com,Timbuktu
179,Selia,Merat,Selia.Merat@yopmail.com,Toronto
180,Annice,Frendel,Annice.Frendel@yopmail.com,Da Nang
181,Malina,O'Carroll,Malina.O'Carroll@yopmail.com,Zamboanga City
182,Jinny,Lory,Jinny.Lory@yopmail.com,Edmonton
183,Joelly,Kiersten,Joelly.Kiersten@yopmail.com,Virginia Beach
184,Jeanna,Odysseus,Jeanna.Odysseus@yopmail.com,Dar es Salaam
185,Carilyn,Juliet,Carilyn.Juliet@yopmail.com,Milan
186,Felice,Joachim,Felice.Joachim@yopmail.com,Hargeisa
187,Rani,Bari,Rani.Bari@yopmail.com,Jayapura
188,Nananne,Stav,Nananne.Stav@yopmail.com,Shijiazhuang
189,Aimil,Edison,Aimil.Edison@yopmail.com,Düsseldorf
190,Aimil,Carlson,Aimil.Carlson@yopmail.com,Bern
191,Dominga,Amadas,Dominga.Amadas@yopmail.com,Bucharest
192,Valera,Sacken,Valera.Sacken@yopmail.com,Hat Yai
193,Nananne,Tound,Nananne.Tound@yopmail.com,Gaziantep
194,Kaja,Herrera,Kaja.Herrera@yopmail.com,Nashville
195,Nollie,Juan,Nollie.Juan@yopmail.com,Lusaka
196,Gerrie,Nunci,Gerrie.Nunci@yopmail.com,Bamako
197,Neila,Neva,Neila.Neva@yopmail.com,Birmingham
198,Zondra,Bashemeth,Zondra.Bashemeth@yopmail.com,Tallinn
199,Abbie,Eno,Abbie.Eno@yopmail.com,Kaliningrad
200,Cindelyn,Boycey,Cindelyn.Boycey@yopmail.com,Nassau
201,Raina,Daveta,Raina.Daveta@yopmail.com,Surat
202,Harrietta,Pillsbury,Harrietta.Pillsbury@yopmail.com,Da Nang
203,Cristine,Sekofski,Cristine.Sekofski@yopmail.com,Port Moresby
204,Maye,Killigrew,Maye.Killigrew@yopmail.com,Dammam
205,Raquela,Friede,Raquela.Friede@yopmail.com,Louisville
206,Xylina,Stacy,Xylina.Stacy@yopmail.com,Salzburg
207,Jeanna,Suanne,Jeanna.Suanne@yopmail.com,Mandurah
208,Jobi,Burch,Jobi.Burch@yopmail.com,Labasa
209,Marsiella,Hartnett,Marsiella.Hartnett@yopmail.com,Kandahar
210,Kenna,Duwalt,Kenna.Duwalt@yopmail.com,Minsk
211,Candi,Darian,Candi.Darian@yopmail.com,Hanga Roa
212,Adriana,Hull,Adriana.Hull@yopmail.com,Dakar
213,Merci,Koziara,Merci.Koziara@yopmail.com,Nairobi
214,Kayla,Regan,Kayla.Regan@yopmail.com,Salt Lake City
215,Aryn,Tybald,Aryn.Tybald@yopmail.com,Belmopan
216,Flory,Adlare,Flory.Adlare@yopmail.com,Ndola
217,Wendi,Seligman,Wendi.Seligman@yopmail.com,Accra
218,Addia,Meli,Addia.Meli@yopmail.com,Tskhinvali
219,Zaria,Burkle,Zaria.Burkle@yopmail.com,Harbin
220,Halette,Claudine,Halette.Claudine@yopmail.com,Detroit
221,Lenna,Tound,Lenna.Tound@yopmail.com,Tampere
222,Annaliese,Nester,Annaliese.Nester@yopmail.com,Kandy
223,Carly,McLaughlin,Carly.McLaughlin@yopmail.com,Newcastle
224,Aubrie,Parsaye,Aubrie.Parsaye@yopmail.com,Mersin
225,Sybille,Ball,Sybille.Ball@yopmail.com,Arequipa
226,Augustine,Wyn,Augustine.Wyn@yopmail.com,Calama
227,Marsiella,Candy,Marsiella.Candy@yopmail.com,Ilhéus
228,Mathilda,Quinn,Mathilda.Quinn@yopmail.com,Indianapolis
229,Lily,Shaver,Lily.Shaver@yopmail.com,Pyongyang
230,Loree,Terrence,Loree.Terrence@yopmail.com,Vientiane
231,Belinda,Shields,Belinda.Shields@yopmail.com,Lubumbashi
232,Morganica,Drisko,Morganica.Drisko@yopmail.com,Panama City
233,Bill,Wandie,Bill.Wandie@yopmail.com,Bratsk
234,Mellicent,Tyson,Mellicent.Tyson@yopmail.com,Oranjestad
235,Katharina,O'Carroll,Katharina.O'Carroll@yopmail.com,Charlotte Amalie
236,Marylou,Bonilla,Marylou.Bonilla@yopmail.com,Bangalore
237,Jan,Shelba,Jan.Shelba@yopmail.com,Bloemfontein
238,Kary,Berard,Kary.Berard@yopmail.com,Maseru
239,Debee,Kat,Debee.Kat@yopmail.com,Palma
240,Atlanta,Deegan,Atlanta.Deegan@yopmail.com,Kinshasa
241,Anallese,Bonucci,Anallese.Bonucci@yopmail.com,Lanzhou
242,Roseline,Geffner,Roseline.Geffner@yopmail.com,Rotterdam
243,Sue,Lalitta,Sue.Lalitta@yopmail.com,San José
244,Phylis,Madox,Phylis.Madox@yopmail.com,Malacca Town
245,Ashlee,Stilwell,Ashlee.Stilwell@yopmail.com,Baltimore
246,Ronna,Cutlerr,Ronna.Cutlerr@yopmail.com,Lusaka
247,Fernande,Armanda,Fernande.Armanda@yopmail.com,Mersin
248,Cissiee,Madelene,Cissiee.Madelene@yopmail.com,Port Moresby
249,Allis,Emanuel,Allis.Emanuel@yopmail.com,Bamako
250,Christal,Florina,Christal.Florina@yopmail.com,Naples
251,Marsiella,Lilas,Marsiella.Lilas@yopmail.com,Chicago
252,Lita,Naor,Lita.Naor@yopmail.com,Ouagadougou
253,Bibby,Skurnik,Bibby.Skurnik@yopmail.com,Surabaya
254,Morganica,Delila,Morganica.Delila@yopmail.com,Albuquerque
255,Trixi,Francyne,Trixi.Francyne@yopmail.com,Cebu City
256,Christy,Rona,Christy.Rona@yopmail.com,Dodoma
257,Gale,Hanshaw,Gale.Hanshaw@yopmail.com,Tirana
258,Steffane,Quinn,Steffane.Quinn@yopmail.com,Djibouti (city)
259,Kate,Madaih,Kate.Madaih@yopmail.com,Koror
260,Mathilda,Wyn,Mathilda.Wyn@yopmail.com,Nairobi
261,Philis,Koehler,Philis.Koehler@yopmail.com,Porto
262,Tiffie,Vernier,Tiffie.Vernier@yopmail.com,Johor Bahru
263,Tressa,Reneta,Tressa.Reneta@yopmail.com,Honiara
264,Rhoda,Yuille,Rhoda.Yuille@yopmail.com,Mogadishu
265,Wynne,Isacco,Wynne.Isacco@yopmail.com,Invercargill
266,Natka,Federica,Natka.Federica@yopmail.com,San Antonio
267,Maud,Suk,Maud.Suk@yopmail.com,Recife
268,Janis,Lane,Janis.Lane@yopmail.com,Luxor
269,Jenda,Sasnett,Jenda.Sasnett@yopmail.com,Copenhagen
270,Augustine,Seessel,Augustine.Seessel@yopmail.com,Handan
271,Sadie,Dom,Sadie.Dom@yopmail.com,Sofia
272,Cherilyn,Codding,Cherilyn.Codding@yopmail.com,Conakry
273,Penelopa,Nerita,Penelopa.Nerita@yopmail.com,Panama City
274,Shell,Azeria,Shell.Azeria@yopmail.com,Taipei
275,Meg,Bartlett,Meg.Bartlett@yopmail.com,Chittagong
276,Lacie,Westphal,Lacie.Westphal@yopmail.com,Barranquilla
277,Myrtice,Abram,Myrtice.Abram@yopmail.com,Chihuahua
278,Annora,Bollay,Annora.Bollay@yopmail.com,Amman
279,Chere,Old,Chere.Old@yopmail.com,Chuí
280,Silvana,Braun,Silvana.Braun@yopmail.com,Ciudad del Este
281,Raina,Carleen,Raina.Carleen@yopmail.com,Astana
282,Phylis,Eckblad,Phylis.Eckblad@yopmail.com,Lyon
283,Robinia,Land,Robinia.Land@yopmail.com,Innsbruck
284,Juliane,Pierette,Juliane.Pierette@yopmail.com,Sucre
285,Roxane,Maisey,Roxane.Maisey@yopmail.com,São Paulo
286,Ardeen,Tannie,Ardeen.Tannie@yopmail.com,Makati City
287,Carolina,Mullane,Carolina.Mullane@yopmail.com,Yaren District
288,Alex,Rudolph,Alex.Rudolph@yopmail.com,Blantyre
289,Bobbi,Margarete,Bobbi.Margarete@yopmail.com,Tamale
290,Lesly,Karna,Lesly.Karna@yopmail.com,Edinburgh
291,Raquela,Azeria,Raquela.Azeria@yopmail.com,Denver
292,Gusty,Maryanne,Gusty.Maryanne@yopmail.com,Cologne
293,Oona,Girardo,Oona.Girardo@yopmail.com,Qingdao
294,Fanchon,Gwenore,Fanchon.Gwenore@yopmail.com,Gibraltar
295,Benita,Edmund,Benita.Edmund@yopmail.com,Surat
296,Korrie,Wesle,Korrie.Wesle@yopmail.com,Bilbao
297,Elise,Reneta,Elise.Reneta@yopmail.com,Iquitos
298,Corry,Luhe,Corry.Luhe@yopmail.com,Magadan
299,Sashenka,Niccolo,Sashenka.Niccolo@yopmail.com,Dallas
300,Nikki,Pascia,Nikki.Pascia@yopmail.com,Dededo
301,Shauna,Cloris,Shauna.Cloris@yopmail.com,Mendoza
302,Dorene,Mandler,Dorene.Mandler@yopmail.com,Okinawa
303,Bernardine,Fennessy,Bernardine.Fennessy@yopmail.com,Zamboanga City
304,Mellicent,Kathie,Mellicent.Kathie@yopmail.com,Brikama
305,Benita,Caitlin,Benita.Caitlin@yopmail.com,Porto Velho
306,Camile,Astra,Camile.Astra@yopmail.com,Dallas
307,Charissa,Ammann,Charissa.Ammann@yopmail.com,Montevideo
308,Constance,Solitta,Constance.Solitta@yopmail.com,Enugu
309,Hildegaard,Ogren,Hildegaard.Ogren@yopmail.com,Kabul
310,Myrtice,Malanie,Myrtice.Malanie@yopmail.com,Linz
311,Fanny,Bandeen,Fanny.Bandeen@yopmail.com,Gaborone
312,Priscilla,Rugen,Priscilla.Rugen@yopmail.com,Bandar Seri Begawan
313,Queenie,Modie,Queenie.Modie@yopmail.com,Skopje
314,Luci,Jaylene,Luci.Jaylene@yopmail.com,Macapá
315,Vivia,Bury,Vivia.Bury@yopmail.com,Guayaquil
316,Rosanne,Goth,Rosanne.Goth@yopmail.com,Simferopol
317,Selma,Weaks,Selma.Weaks@yopmail.com,Valparaíso
318,Cecile,Kaete,Cecile.Kaete@yopmail.com,Damascus
319,Dulce,Cimbura,Dulce.Cimbura@yopmail.com,Frankfurt
320,Tierney,Schonfeld,Tierney.Schonfeld@yopmail.com,City of Halifax
321,Doro,Ackerley,Doro.Ackerley@yopmail.com,Zagreb
322,Arabel,Longfellow,Arabel.Longfellow@yopmail.com,Sacramento
323,Gratia,Peti,Gratia.Peti@yopmail.com,Tegucigalpa
324,Maisey,Lauraine,Maisey.Lauraine@yopmail.com,Kaliningrad
325,Ethel,Velick,Ethel.Velick@yopmail.com,Bujumbura
326,Mathilda,Bevin,Mathilda.Bevin@yopmail.com,Alexandria
327,Elbertina,Grayce,Elbertina.Grayce@yopmail.com,Perm
328,Angela,Xerxes,Angela.Xerxes@yopmail.com,Malacca Town
329,Fina,Mintz,Fina.Mintz@yopmail.com,Tbilisi
330,Marsiella,Poppy,Marsiella.Poppy@yopmail.com,Boston
331,Nita,Amadas,Nita.Amadas@yopmail.com,Dushanbe
332,Allyce,Roscoe,Allyce.Roscoe@yopmail.com,Nizhny Novgorod
333,Maye,Love,Maye.Love@yopmail.com,Bilbao
334,Wilma,Nelsen,Wilma.Nelsen@yopmail.com,Belém
335,Jobi,Roche,Jobi.Roche@yopmail.com,Quebec City
336,Georgina,Myrilla,Georgina.Myrilla@yopmail.com,Ibadan
337,Sidoney,Ludewig,Sidoney.Ludewig@yopmail.com,Paramaribo
338,Dominga,Vacuva,Dominga.Vacuva@yopmail.com,Durango
339,Fanny,Randene,Fanny.Randene@yopmail.com,Marseille
340,Neila,Carbo,Neila.Carbo@yopmail.com,Quezon City
341,Justinn,Karylin,Justinn.Karylin@yopmail.com,Dushanbe
342,Brynna,Socha,Brynna.Socha@yopmail.com,Sucre
343,June,Rona,June.Rona@yopmail.com,Handan
344,Mureil,Poll,Mureil.Poll@yopmail.com,Makati City
345,Rhoda,Kenwood,Rhoda.Kenwood@yopmail.com,Chongjin
346,Joy,Decato,Joy.Decato@yopmail.com,Kingston
347,Verla,Audly,Verla.Audly@yopmail.com,Vitória
348,Chastity,Boycey,Chastity.Boycey@yopmail.com,Bandar Seri Begawan
349,Sandie,Bashemeth,Sandie.Bashemeth@yopmail.com,Cleveland
350,Margarette,Grayce,Margarette.Grayce@yopmail.com,Pago Pago
351,Shell,Amand,Shell.Amand@yopmail.com,Denpasar
352,Evita,Ajay,Evita.Ajay@yopmail.com,Gaborone
353,Amelia,Bobbee,Amelia.Bobbee@yopmail.com,Cotonou
354,Isa,Lunsford,Isa.Lunsford@yopmail.com,Manama
355,Kirbee,Gilmour,Kirbee.Gilmour@yopmail.com,Surabaya
356,Hettie,Horan,Hettie.Horan@yopmail.com,Cleveland
357,Rebeca,Oneida,Rebeca.Oneida@yopmail.com,Oranjestad
358,Ebonee,Middleton,Ebonee.Middleton@yopmail.com,Wuhan
359,Etta,Aldric,Etta.Aldric@yopmail.com,Lomé
360,Iseabal,Hachmin,Iseabal.Hachmin@yopmail.com,Tijuana
361,Stevana,Elisha,Stevana.Elisha@yopmail.com,Udon Thani
362,Krystle,Francene,Krystle.Francene@yopmail.com,Basse-Terre
363,Taffy,Thunell,Taffy.Thunell@yopmail.com,Fort-de-France
364,Tina,Izaak,Tina.Izaak@yopmail.com,Tokyo
365,Kerrin,Morgun,Kerrin.Morgun@yopmail.com,Muscat
366,Tami,Truc,Tami.Truc@yopmail.com,Vatican City
367,Rebeca,Myrilla,Rebeca.Myrilla@yopmail.com,Quezon City
368,Corry,Juan,Corry.Juan@yopmail.com,Nagoya
369,Rori,Shuler,Rori.Shuler@yopmail.com,Chicago
370,Natka,Loring,Natka.Loring@yopmail.com,Rockhampton
371,Priscilla,Maurine,Priscilla.Maurine@yopmail.com,Chiang Mai
372,Sheelagh,Saunderson,Sheelagh.Saunderson@yopmail.com,Hyderabad
373,Selia,Raffo,Selia.Raffo@yopmail.com,Strasbourg
374,Tomasina,Nerita,Tomasina.Nerita@yopmail.com,Colombo
375,Kristan,Hathaway,Kristan.Hathaway@yopmail.com,Kabul
376,Lenna,Genna,Lenna.Genna@yopmail.com,Mogadishu
377,Gretal,Jess,Gretal.Jess@yopmail.com,Bern
378,Vivia,Erich,Vivia.Erich@yopmail.com,Nizhny Novgorod
379,Sindee,Edison,Sindee.Edison@yopmail.com,New Delhi
380,Gabriellia,Anton,Gabriellia.Anton@yopmail.com,Faisalabad
381,Britni,Sammons,Britni.Sammons@yopmail.com,Angra do Heroísmo
382,Jinny,Pattin,Jinny.Pattin@yopmail.com,Arbil
383,Vere,Connelly,Vere.Connelly@yopmail.com,Harare
384,Florie,Allys,Florie.Allys@yopmail.com,Cape Town
385,Asia,Kunin,Asia.Kunin@yopmail.com,Leipzig
386,Livvyy,Oscar,Livvyy.Oscar@yopmail.com,Asmara
387,Nonnah,Sholley,Nonnah.Sholley@yopmail.com,Maseru
388,Devina,Juan,Devina.Juan@yopmail.com,Hanoi
389,Sarette,Papageno,Sarette.Papageno@yopmail.com,Bamako
390,Glenda,Ciapas,Glenda.Ciapas@yopmail.com,Sana'a
391,Alie,Koehler,Alie.Koehler@yopmail.com,Magadan
392,Ardeen,Celestine,Ardeen.Celestine@yopmail.com,San Francisco
393,Alyda,Gahl,Alyda.Gahl@yopmail.com,Surat Thani
394,Joceline,Ephrem,Joceline.Ephrem@yopmail.com,Vilnius
395,Katuscha,Ehrman,Katuscha.Ehrman@yopmail.com,Ashgabat
396,Dennie,Odell,Dennie.Odell@yopmail.com,Lubumbashi
397,Ursulina,Lucienne,Ursulina.Lucienne@yopmail.com,Omdurman
398,Nataline,Japeth,Nataline.Japeth@yopmail.com,Banda Aceh
399,Beverley,Brackely,Beverley.Brackely@yopmail.com,Longyearbyen
400,Cristabel,Gordon,Cristabel.Gordon@yopmail.com,Rio de Janeiro
401,Kate,Cassius,Kate.Cassius@yopmail.com,Karachi
402,Misha,Chobot,Misha.Chobot@yopmail.com,Lagos
403,Adele,Candy,Adele.Candy@yopmail.com,Barcelona
404,Emylee,Alisia,Emylee.Alisia@yopmail.com,Kiev
405,Sabina,Sperling,Sabina.Sperling@yopmail.com,Avarua
406,Marti,Abernon,Marti.Abernon@yopmail.com,Tijuana
407,Tybie,Bow,Tybie.Bow@yopmail.com,Lilongwe
408,Valera,Hunfredo,Valera.Hunfredo@yopmail.com,Handan
409,Benita,Eno,Benita.Eno@yopmail.com,Athens
410,Nannie,Pelagias,Nannie.Pelagias@yopmail.com,Zürich
411,Oralee,Helve,Oralee.Helve@yopmail.com,Nagpur
412,Charissa,Wilona,Charissa.Wilona@yopmail.com,Dunedin
413,Leeanne,Argus,Leeanne.Argus@yopmail.com,Kanpur
414,Mary,Auberbach,Mary.Auberbach@yopmail.com,Hanga Roa
415,Gabriellia,Leffen,Gabriellia.Leffen@yopmail.com,Chennai
416,Karlee,Myrilla,Karlee.Myrilla@yopmail.com,Campinas
417,Melanie,Lorenz,Melanie.Lorenz@yopmail.com,London
418,Marti,Winthorpe,Marti.Winthorpe@yopmail.com,Algiers
419,Viviene,Madaih,Viviene.Madaih@yopmail.com,Kaliningrad
420,Sophia,Rocray,Sophia.Rocray@yopmail.com,Moroni
421,Inga,Joeann,Inga.Joeann@yopmail.com,Wichita
422,Merle,Adrienne,Merle.Adrienne@yopmail.com,Port of Spain
423,Rhoda,Schroth,Rhoda.Schroth@yopmail.com,Banda Aceh
424,Gui,Gladstone,Gui.Gladstone@yopmail.com,Kaohsiung
425,Averyl,Helve,Averyl.Helve@yopmail.com,Rochester
426,Wileen,Lemuela,Wileen.Lemuela@yopmail.com,Osaka
427,Molli,Merriott,Molli.Merriott@yopmail.com,Ulan Bator
428,Raquela,Kosey,Raquela.Kosey@yopmail.com,Boa Vista
429,Renie,Mozelle,Renie.Mozelle@yopmail.com,Horta (Azores)
430,Tamqrah,Mata,Tamqrah.Mata@yopmail.com,Kandahar
431,Maye,Pacorro,Maye.Pacorro@yopmail.com,Basse-Terre
432,Lacie,Erskine,Lacie.Erskine@yopmail.com,Townsville
433,Viki,Lane,Viki.Lane@yopmail.com,Providence
434,Betta,Mallon,Betta.Mallon@yopmail.com,Tegucigalpa
435,Merci,Crudden,Merci.Crudden@yopmail.com,Lilongwe
436,Barbara,Blase,Barbara.Blase@yopmail.com,Edinburgh
437,Paola,Stevy,Paola.Stevy@yopmail.com,Puerto Williams
438,Konstance,Primalia,Konstance.Primalia@yopmail.com,Guangzhou
439,Blondelle,Peti,Blondelle.Peti@yopmail.com,Paris
440,Glenda,Ingra,Glenda.Ingra@yopmail.com,Kabul
441,Amii,Bobbee,Amii.Bobbee@yopmail.com,Phuket (city)
442,Misha,Vastah,Misha.Vastah@yopmail.com,Douglas
443,Raf,Suzetta,Raf.Suzetta@yopmail.com,Hagåtña
444,Selia,Judye,Selia.Judye@yopmail.com,Mendoza
445,Drucie,Dreda,Drucie.Dreda@yopmail.com,Dalian
446,Janis,Eno,Janis.Eno@yopmail.com,Shijiazhuang
447,Kate,Slifka,Kate.Slifka@yopmail.com,Da Nang
448,Nickie,Malvino,Nickie.Malvino@yopmail.com,Hyderabad
449,Mara,Poll,Mara.Poll@yopmail.com,Bogotá
450,Frieda,Pillsbury,Frieda.Pillsbury@yopmail.com,San José
451,Sara-Ann,Pip,Sara-Ann.Pip@yopmail.com,Miri
452,Dolli,Vastah,Dolli.Vastah@yopmail.com,Palikir
453,Teriann,Elisha,Teriann.Elisha@yopmail.com,Sukhumi
454,Jemie,Howlyn,Jemie.Howlyn@yopmail.com,Charlotte Amalie
455,Madalyn,Natalia,Madalyn.Natalia@yopmail.com,Samara
456,Shell,Burch,Shell.Burch@yopmail.com,Ulan Bator
457,Janis,Moina,Janis.Moina@yopmail.com,Dili
458,Janenna,Goerke,Janenna.Goerke@yopmail.com,Batticaloa
459,Jordan,Faso,Jordan.Faso@yopmail.com,Helsinki
460,Tilly,Pandolfi,Tilly.Pandolfi@yopmail.com,Tehran
461,Tabbatha,Wenoa,Tabbatha.Wenoa@yopmail.com,Nouméa
462,Christian,Freddi,Christian.Freddi@yopmail.com,Jerusalem
463,Nannie,Fitzsimmons,Nannie.Fitzsimmons@yopmail.com,Buffalo
464,Frieda,Carey,Frieda.Carey@yopmail.com,Johor Bahru
465,Evaleen,Bates,Evaleen.Bates@yopmail.com,Chiang Mai
466,Romona,Peonir,Romona.Peonir@yopmail.com,Wollongong
467,Mellicent,Stelle,Mellicent.Stelle@yopmail.com,Banjul
468,Cassondra,Cressida,Cassondra.Cressida@yopmail.com,Mandurah
469,Leia,Vacuva,Leia.Vacuva@yopmail.com,Philadelphia
470,Edee,McAdams,Edee.McAdams@yopmail.com,Lusaka
471,Viki,Cassius,Viki.Cassius@yopmail.com,Majuro
472,Chrystel,Drus,Chrystel.Drus@yopmail.com,Guatemala City
473,Madelle,Bendick,Madelle.Bendick@yopmail.com,Gothenburg
474,Meg,Berl,Meg.Berl@yopmail.com,Puebla
475,Bernie,Carlson,Bernie.Carlson@yopmail.com,Koulikoro
476,Eolanda,Grimbly,Eolanda.Grimbly@yopmail.com,Frankfurt
477,Ottilie,Shuler,Ottilie.Shuler@yopmail.com,Cali
478,Marline,Sprage,Marline.Sprage@yopmail.com,Adana
479,Lorenza,Rugen,Lorenza.Rugen@yopmail.com,Manama
480,Doro,Lipson,Doro.Lipson@yopmail.com,Semarang
481,Helsa,Noman,Helsa.Noman@yopmail.com,La Serena
482,Konstance,Harl,Konstance.Harl@yopmail.com,Odessa
483,Emmey,Sasnett,Emmey.Sasnett@yopmail.com,Semarang
484,Krystle,Naor,Krystle.Naor@yopmail.com,Sabha
485,Layla,Dawkins,Layla.Dawkins@yopmail.com,Liverpool
486,Marleah,Michella,Marleah.Michella@yopmail.com,Daegu
487,Perry,Stefa,Perry.Stefa@yopmail.com,El Aaiún
488,Orelia,Bakerman,Orelia.Bakerman@yopmail.com,Boa Vista
489,Gianina,Shanley,Gianina.Shanley@yopmail.com,Kuching
490,Bill,Cordi,Bill.Cordi@yopmail.com,Papeete
491,Tierney,Amadas,Tierney.Amadas@yopmail.com,Ahmedabad
492,Suzette,Shama,Suzette.Shama@yopmail.com,Thimphu
493,Jorry,Sammons,Jorry.Sammons@yopmail.com,St. George's
494,Desirae,Mozelle,Desirae.Mozelle@yopmail.com,Lviv
495,Amii,Hamil,Amii.Hamil@yopmail.com,Helsinki
496,Ana,Eiser,Ana.Eiser@yopmail.com,Lubumbashi
497,Maryellen,Palocz,Maryellen.Palocz@yopmail.com,Moscow
498,Josephine,Dichy,Josephine.Dichy@yopmail.com,Durban
499,Dacia,Alarise,Dacia.Alarise@yopmail.com,Djibouti (city)
500,Carlie,Jagir,Carlie.Jagir@yopmail.com,Saint John
501,Addia,Papageno,Addia.Papageno@yopmail.com,Qingdao
502,Maridel,Llovera,Maridel.Llovera@yopmail.com,Castries
503,Ulrike,Erb,Ulrike.Erb@yopmail.com,São José dos Campos
504,Janeczka,Shama,Janeczka.Shama@yopmail.com,Charlotte
505,Flory,Shanley,Flory.Shanley@yopmail.com,Amman
506,Elsie,Lubin,Elsie.Lubin@yopmail.com,Funafuti
507,Ardenia,Pearse,Ardenia.Pearse@yopmail.com,Espoo
508,Alyda,Roche,Alyda.Roche@yopmail.com,Singapore
509,Lelah,Lail,Lelah.Lail@yopmail.com,Tirana
510,Cam,Schroth,Cam.Schroth@yopmail.com,Riga
511,Althea,Rad,Althea.Rad@yopmail.com,Bratislava
512,Bertine,Urania,Bertine.Urania@yopmail.com,Riga
513,Zondra,Cavan,Zondra.Cavan@yopmail.com,Ürümqi
514,Annaliese,Kosey,Annaliese.Kosey@yopmail.com,Shillong
515,Riannon,Taam,Riannon.Taam@yopmail.com,Saint-Denis
516,Sheree,Elsinore,Sheree.Elsinore@yopmail.com,Blantyre
517,Lexine,Carvey,Lexine.Carvey@yopmail.com,Fort-de-France
518,Frank,Ludewig,Frank.Ludewig@yopmail.com,Manama
519,Jsandye,Briney,Jsandye.Briney@yopmail.com,Nantes
520,Sarette,Wu,Sarette.Wu@yopmail.com,Papeete
521,Paulita,Marlie,Paulita.Marlie@yopmail.com,Tripoli
522,Ekaterina,Barney,Ekaterina.Barney@yopmail.com,Lubumbashi
523,Tressa,Connelly,Tressa.Connelly@yopmail.com,Tagbilaran
524,Estell,Vittoria,Estell.Vittoria@yopmail.com,Port-au-Prince
525,Ernesta,Buckler,Ernesta.Buckler@yopmail.com,Dededo
526,Lita,Leonard,Lita.Leonard@yopmail.com,Macau
527,Antonietta,Naor,Antonietta.Naor@yopmail.com,Aberdeen
528,Yolane,Gower,Yolane.Gower@yopmail.com,Brazzaville
529,Linzy,Denis,Linzy.Denis@yopmail.com,Serekunda
530,Dominga,Damarra,Dominga.Damarra@yopmail.com,Charlottetown
531,Peri,Dermott,Peri.Dermott@yopmail.com,Guwahati
532,Amii,Delacourt,Amii.Delacourt@yopmail.com,Shenzhen
533,Britni,Mathilde,Britni.Mathilde@yopmail.com,Seattle
534,Kerrin,Odysseus,Kerrin.Odysseus@yopmail.com,Birmingham
535,Nyssa,Rooney,Nyssa.Rooney@yopmail.com,Jamestown
536,Ada,Smitt,Ada.Smitt@yopmail.com,Manama
537,Nickie,Thad,Nickie.Thad@yopmail.com,Vancouver
538,Corina,Keelia,Corina.Keelia@yopmail.com,Colombo
539,Desirae,Merell,Desirae.Merell@yopmail.com,Campo Grande
540,Oralee,Diann,Oralee.Diann@yopmail.com,Dededo
541,Lolita,Dawkins,Lolita.Dawkins@yopmail.com,Bulawayo
542,Jenda,Dowski,Jenda.Dowski@yopmail.com,Patna
543,Dorene,Adore,Dorene.Adore@yopmail.com,Las Palmas de Gran Canaria
544,Robbi,Wolfgram,Robbi.Wolfgram@yopmail.com,Sydney
545,Deirdre,Wyn,Deirdre.Wyn@yopmail.com,Tartu
546,Frieda,Knowling,Frieda.Knowling@yopmail.com,Quebec City
547,Lonnie,Casimir,Lonnie.Casimir@yopmail.com,Santa Cruz de Tenerife
548,Ashlee,Lymann,Ashlee.Lymann@yopmail.com,Geelong
549,Rayna,Idelia,Rayna.Idelia@yopmail.com,Lanzhou
550,Cherrita,Scammon,Cherrita.Scammon@yopmail.com,Siem Reap
551,Tami,Noman,Tami.Noman@yopmail.com,Lucknow
552,Marsiella,Ajay,Marsiella.Ajay@yopmail.com,Milan
553,Henriette,Catie,Henriette.Catie@yopmail.com,Jerusalem
554,Ayn,Laurianne,Ayn.Laurianne@yopmail.com,Shigatse
555,Berget,Nore,Berget.Nore@yopmail.com,Tórshavn
556,Kylynn,Wadell,Kylynn.Wadell@yopmail.com,Rawalpindi
557,Isa,Tice,Isa.Tice@yopmail.com,Castries
558,Clary,Wildermuth,Clary.Wildermuth@yopmail.com,Kuching
559,Eadie,Monk,Eadie.Monk@yopmail.com,Seoul
560,Dotty,Marden,Dotty.Marden@yopmail.com,Port Hedland
561,Alejandra,McClimans,Alejandra.McClimans@yopmail.com,San Juan
562,Renae,Jenness,Renae.Jenness@yopmail.com,Melbourne
563,Ginnie,Ball,Ginnie.Ball@yopmail.com,Stepanakert
564,Kore,Hepsibah,Kore.Hepsibah@yopmail.com,Gold Coast
565,Cacilie,Kiyoshi,Cacilie.Kiyoshi@yopmail.com,Pittsburgh
566,Konstance,Screens,Konstance.Screens@yopmail.com,San Fernando
567,Catharine,Odell,Catharine.Odell@yopmail.com,Guayaquil
568,Beverley,Lucienne,Beverley.Lucienne@yopmail.com,Cartagena
569,Tressa,Malvino,Tressa.Malvino@yopmail.com,Cuiabá
570,Phylis,Hylan,Phylis.Hylan@yopmail.com,Cork (city)
571,Leontine,Ambrosia,Leontine.Ambrosia@yopmail.com,Campo Grande
572,Doralynne,Trinetta,Doralynne.Trinetta@yopmail.com,Zanzibar City
573,Carmela,Lanita,Carmela.Lanita@yopmail.com,Mashhad
574,Meg,Carvey,Meg.Carvey@yopmail.com,Hagåtña
575,Keelia,Hazlett,Keelia.Hazlett@yopmail.com,Tbilisi
576,Emelina,Ajay,Emelina.Ajay@yopmail.com,Nagoya
577,Diena,Liva,Diena.Liva@yopmail.com,Suva
578,Ofilia,Anis,Ofilia.Anis@yopmail.com,Wichita
579,Randa,Gavrila,Randa.Gavrila@yopmail.com,Antwerp
580,Babita,Quinn,Babita.Quinn@yopmail.com,Harbin
581,Riannon,Tatianas,Riannon.Tatianas@yopmail.com,San Francisco
582,Felice,Vittoria,Felice.Vittoria@yopmail.com,Ponta Delgada
583,Sadie,Brady,Sadie.Brady@yopmail.com,Tbilisi
584,Nadine,Sandye,Nadine.Sandye@yopmail.com,Kraków
585,Marleah,Kaja,Marleah.Kaja@yopmail.com,Puebla
586,Barbi,Dermott,Barbi.Dermott@yopmail.com,Birkirkara
587,Andeee,Armanda,Andeee.Armanda@yopmail.com,Tbilisi
588,Mireielle,Ivens,Mireielle.Ivens@yopmail.com,Karachi
589,Deloria,Carbo,Deloria.Carbo@yopmail.com,Incheon
590,Jessamyn,Aurelio,Jessamyn.Aurelio@yopmail.com,El Aaiún
591,Melanie,Oster,Melanie.Oster@yopmail.com,Saskatoon
592,Hallie,Clywd,Hallie.Clywd@yopmail.com,Manchester
593,Paola,Saint,Paola.Saint@yopmail.com,Porto
594,Ginnie,Brotherson,Ginnie.Brotherson@yopmail.com,The Valley
595,Angela,Rolf,Angela.Rolf@yopmail.com,Adelaide
596,Rhoda,Blase,Rhoda.Blase@yopmail.com,Hangzhou
597,Amelia,Madaih,Amelia.Madaih@yopmail.com,Riverside
598,Kenna,Bigner,Kenna.Bigner@yopmail.com,Mogadishu
599,Donetta,Durante,Donetta.Durante@yopmail.com,Vancouver
600,Evita,Chem,Evita.Chem@yopmail.com,Shigatse
601,Kimberley,Abernon,Kimberley.Abernon@yopmail.com,Campo Grande
602,Ninnetta,Anestassia,Ninnetta.Anestassia@yopmail.com,Toronto
603,Kalina,Urias,Kalina.Urias@yopmail.com,Marrakech
604,Sashenka,Longfellow,Sashenka.Longfellow@yopmail.com,Warsaw
605,Jaime,Carleen,Jaime.Carleen@yopmail.com,Basra
606,Randa,Atonsah,Randa.Atonsah@yopmail.com,Nagoya
607,Lexine,Larochelle,Lexine.Larochelle@yopmail.com,Ushuaia
608,Andeee,Marlie,Andeee.Marlie@yopmail.com,Assis
609,Nita,Graig,Nita.Graig@yopmail.com,Bogor
610,Lita,Dannye,Lita.Dannye@yopmail.com,Wellington
611,Atlanta,Matthew,Atlanta.Matthew@yopmail.com,Manaus
612,Arlina,Raychel,Arlina.Raychel@yopmail.com,Leipzig
613,Evita,Aldric,Evita.Aldric@yopmail.com,Shigatse
614,Jobi,Donoghue,Jobi.Donoghue@yopmail.com,Davao City
615,Blondelle,Richers,Blondelle.Richers@yopmail.com,Conakry
616,Nita,Lindemann,Nita.Lindemann@yopmail.com,Shijiazhuang
617,Nyssa,Sisile,Nyssa.Sisile@yopmail.com,Batticaloa
618,Aimil,Vins,Aimil.Vins@yopmail.com,Port-au-Prince
619,Max,Anselmi,Max.Anselmi@yopmail.com,Bulawayo
620,Betta,Martguerita,Betta.Martguerita@yopmail.com,Cannes
621,Tatiania,Yam,Tatiania.Yam@yopmail.com,Novosibirsk
622,Johna,Tryck,Johna.Tryck@yopmail.com,Caracas
623,Noelle,Dawkins,Noelle.Dawkins@yopmail.com,Kraków
624,Robbi,Roscoe,Robbi.Roscoe@yopmail.com,Daegu
625,Emelina,Izaak,Emelina.Izaak@yopmail.com,Zürich
626,Georgetta,Celestine,Georgetta.Celestine@yopmail.com,Cockburn Town
627,Chickie,Alrich,Chickie.Alrich@yopmail.com,Gaborone
628,Deedee,Egbert,Deedee.Egbert@yopmail.com,Mata-Utu
629,Sharlene,Wesle,Sharlene.Wesle@yopmail.com,Kraków
630,Stephanie,O'Rourke,Stephanie.O'Rourke@yopmail.com,Hamilton
631,Chickie,Berard,Chickie.Berard@yopmail.com,Vilnius
632,Misha,Hull,Misha.Hull@yopmail.com,Rome
633,Nita,Arquit,Nita.Arquit@yopmail.com,Lomé
634,Krystle,Kirstin,Krystle.Kirstin@yopmail.com,Ibiza
635,Marylou,Stilwell,Marylou.Stilwell@yopmail.com,Podgorica
636,Shaine,Gaynor,Shaine.Gaynor@yopmail.com,Yangon
637,Gerianna,Xerxes,Gerianna.Xerxes@yopmail.com,Nashville
638,Dode,Kazimir,Dode.Kazimir@yopmail.com,Sacramento
639,Natka,Dudley,Natka.Dudley@yopmail.com,Sucre
640,Lusa,Hanleigh,Lusa.Hanleigh@yopmail.com,Montreal
641,Heida,Guildroy,Heida.Guildroy@yopmail.com,Minsk
642,Eadie,Larochelle,Eadie.Larochelle@yopmail.com,Palma
643,Belva,Heidt,Belva.Heidt@yopmail.com,Las Palmas de Gran Canaria
644,Layla,Merat,Layla.Merat@yopmail.com,Athens
645,Willetta,Hoban,Willetta.Hoban@yopmail.com,Washington
646,Anestassia,Lacombe,Anestassia.Lacombe@yopmail.com,Christchurch
647,Vanessa,Borrell,Vanessa.Borrell@yopmail.com,El Aaiún
648,Ebonee,Yam,Ebonee.Yam@yopmail.com,Guatemala City
649,Taffy,Shaver,Taffy.Shaver@yopmail.com,Pittsburgh
650,Darci,Richers,Darci.Richers@yopmail.com,Dili
651,Roxane,Mathilde,Roxane.Mathilde@yopmail.com,Kota Bharu
652,Cassandra,Lalitta,Cassandra.Lalitta@yopmail.com,Seattle
653,Asia,Dermott,Asia.Dermott@yopmail.com,Lilongwe
654,Ada,Bakerman,Ada.Bakerman@yopmail.com,Cleveland
655,Quintina,Klotz,Quintina.Klotz@yopmail.com,Cologne
656,Joceline,Marcellus,Joceline.Marcellus@yopmail.com,Belém
657,Lulita,Olympium,Lulita.Olympium@yopmail.com,Amritsar
658,Jillayne,Denis,Jillayne.Denis@yopmail.com,Daegu
659,Ivett,Cynar,Ivett.Cynar@yopmail.com,Dakar
660,Correy,Lanita,Correy.Lanita@yopmail.com,Stanley
661,Frieda,Strephon,Frieda.Strephon@yopmail.com,Manchester
662,Sibella,Moseley,Sibella.Moseley@yopmail.com,Las Palmas de Gran Canaria
663,Lenna,Dunkin,Lenna.Dunkin@yopmail.com,Fredericton
664,Sarette,Stanwood,Sarette.Stanwood@yopmail.com,Johannesburg
665,Dolli,Lorain,Dolli.Lorain@yopmail.com,São José dos Campos
666,Winny,Sheedy,Winny.Sheedy@yopmail.com,Srinagar
667,Sandie,Knowling,Sandie.Knowling@yopmail.com,Lima
668,Reeba,August,Reeba.August@yopmail.com,Rawalpindi
669,Paulita,Boehike,Paulita.Boehike@yopmail.com,Ljubljana
670,Fanchon,Torray,Fanchon.Torray@yopmail.com,Ipoh
671,Edee,Izaak,Edee.Izaak@yopmail.com,Taiyuan
672,Addia,Waite,Addia.Waite@yopmail.com,Timbuktu
673,Nananne,Center,Nananne.Center@yopmail.com,Lahore
674,Orsola,Nedrud,Orsola.Nedrud@yopmail.com,Durango
675,Marika,Skell,Marika.Skell@yopmail.com,Rockhampton
676,Renae,Turne,Renae.Turne@yopmail.com,Wollongong
677,Melina,Isidore,Melina.Isidore@yopmail.com,Tiraspol
678,Lyssa,Emerson,Lyssa.Emerson@yopmail.com,Split (city)
679,Jere,Holbrook,Jere.Holbrook@yopmail.com,Thiès
680,Stevana,Candy,Stevana.Candy@yopmail.com,Belgrade
681,Nadine,Bahr,Nadine.Bahr@yopmail.com,Hiroshima
682,Gui,Terrence,Gui.Terrence@yopmail.com,Rio de Janeiro
683,Konstance,Eben,Konstance.Eben@yopmail.com,Nashville
684,Tersina,Parette,Tersina.Parette@yopmail.com,Ho Chi Minh City
685,Ardeen,Cleo,Ardeen.Cleo@yopmail.com,Oslo
686,Corene,Gabrielli,Corene.Gabrielli@yopmail.com,Kandahar
687,Anica,Germann,Anica.Germann@yopmail.com,Tórshavn
688,Lynea,Boehike,Lynea.Boehike@yopmail.com,Pyongyang
689,Jillayne,Carlson,Jillayne.Carlson@yopmail.com,Dubai
690,Ekaterina,Leonard,Ekaterina.Leonard@yopmail.com,Bucharest
691,Jennica,Rese,Jennica.Rese@yopmail.com,Thiès
692,Ursulina,Daveta,Ursulina.Daveta@yopmail.com,George Town
693,Darlleen,Baptlsta,Darlleen.Baptlsta@yopmail.com,Adana
694,Paulita,Monk,Paulita.Monk@yopmail.com,Barranquilla
695,Gui,Kendrick,Gui.Kendrick@yopmail.com,Jamestown
696,Clary,Malvino,Clary.Malvino@yopmail.com,Thimphu
697,Tarra,Blake,Tarra.Blake@yopmail.com,Saint John
698,Laurene,Levey,Laurene.Levey@yopmail.com,Praia
699,Beverley,Zaslow,Beverley.Zaslow@yopmail.com,Kuching
700,Amalie,Leopold,Amalie.Leopold@yopmail.com,Saint Petersburg
701,Demetris,Saint,Demetris.Saint@yopmail.com,Simferopol
702,Beverley,Ax,Beverley.Ax@yopmail.com,San José
703,Wendi,Adore,Wendi.Adore@yopmail.com,Kiev
704,Moyna,Cimbura,Moyna.Cimbura@yopmail.com,Palembang
705,Tera,Havens,Tera.Havens@yopmail.com,Mamoudzou
706,Ninnetta,Honoria,Ninnetta.Honoria@yopmail.com,Yamoussoukro
707,Emilia,Malina,Emilia.Malina@yopmail.com,Tamale
708,Grier,Joachim,Grier.Joachim@yopmail.com,Hanover
709,Aurelie,Publia,Aurelie.Publia@yopmail.com,Porto-Novo
710,Corene,Alexandr,Corene.Alexandr@yopmail.com,Strasbourg
711,Lacie,Koziara,Lacie.Koziara@yopmail.com,Norilsk
712,Selia,Cressida,Selia.Cressida@yopmail.com,Liverpool
713,Atlanta,Cookie,Atlanta.Cookie@yopmail.com,Ottawa
714,Imojean,Ball,Imojean.Ball@yopmail.com,Freetown
715,Nelle,Bury,Nelle.Bury@yopmail.com,Riga
716,Viviene,Poppy,Viviene.Poppy@yopmail.com,Weno
717,Madalyn,Winthorpe,Madalyn.Winthorpe@yopmail.com,Ndola
718,Marsiella,Aaberg,Marsiella.Aaberg@yopmail.com,Chengdu
719,Jemie,Stefa,Jemie.Stefa@yopmail.com,Porto-Novo
720,Helsa,Kussell,Helsa.Kussell@yopmail.com,Maceió
721,Tatiania,Gavrila,Tatiania.Gavrila@yopmail.com,Podgorica
722,Ninnetta,Vilma,Ninnetta.Vilma@yopmail.com,Birkirkara
723,Kristan,Byrne,Kristan.Byrne@yopmail.com,Nagoya
724,Danny,Ackerley,Danny.Ackerley@yopmail.com,La Serena
725,Sharlene,Warthman,Sharlene.Warthman@yopmail.com,Hong Kong
726,Bernie,Ciapas,Bernie.Ciapas@yopmail.com,Amsterdam
727,Myrtice,Lacombe,Myrtice.Lacombe@yopmail.com,Douala
728,Cissiee,Standing,Cissiee.Standing@yopmail.com,Harare
729,Emmey,Christine,Emmey.Christine@yopmail.com,Odessa
730,Lonnie,Artie,Lonnie.Artie@yopmail.com,São Tomé
731,Libbie,Seumas,Libbie.Seumas@yopmail.com,Thessaloniki
732,Tina,Whiffen,Tina.Whiffen@yopmail.com,Zhengzhou
733,Evaleen,Vastah,Evaleen.Vastah@yopmail.com,Mamoudzou
734,Gloria,Waite,Gloria.Waite@yopmail.com,Caracas
735,Brandise,Ciro,Brandise.Ciro@yopmail.com,Boa Vista
736,Felice,Othilia,Felice.Othilia@yopmail.com,Turin
737,Sara-Ann,Camden,Sara-Ann.Camden@yopmail.com,Naypyidaw
738,Karolina,Lubin,Karolina.Lubin@yopmail.com,Medellín
739,Corina,Hertzfeld,Corina.Hertzfeld@yopmail.com,Dakar
740,Natka,Johnsson,Natka.Johnsson@yopmail.com,Adak
741,Hettie,Ralfston,Hettie.Ralfston@yopmail.com,Basse-Terre
742,Merci,Joni,Merci.Joni@yopmail.com,Podgorica
743,Darlleen,Ferrell,Darlleen.Ferrell@yopmail.com,Albuquerque
744,Deedee,Allina,Deedee.Allina@yopmail.com,Srinagar
745,Beth,Emmy,Beth.Emmy@yopmail.com,Road Town
746,Johna,Ax,Johna.Ax@yopmail.com,Zamboanga City
747,Randa,Roarke,Randa.Roarke@yopmail.com,Cape Town
748,Christian,Eiser,Christian.Eiser@yopmail.com,Taiyuan
749,Pollyanna,Hailee,Pollyanna.Hailee@yopmail.com,Miami
750,Helsa,Janith,Helsa.Janith@yopmail.com,Yaoundé
751,Iseabal,Garlinda,Iseabal.Garlinda@yopmail.com,Ibadan
752,Helsa,Tengdin,Helsa.Tengdin@yopmail.com,Bogor
753,Dennie,Ehrman,Dennie.Ehrman@yopmail.com,Hamilton
754,Lynnea,Ariella,Lynnea.Ariella@yopmail.com,Gibraltar
755,Laurene,Beebe,Laurene.Beebe@yopmail.com,The Hague
756,Doralynne,Hashim,Doralynne.Hashim@yopmail.com,Astana
757,Lucy,Terrence,Lucy.Terrence@yopmail.com,Bratsk
758,Chere,Cosenza,Chere.Cosenza@yopmail.com,Willemstad
759,Emmey,Wilkinson,Emmey.Wilkinson@yopmail.com,Osaka
760,Lily,Vins,Lily.Vins@yopmail.com,Koror
761,Talya,Wadell,Talya.Wadell@yopmail.com,Darwin
762,Lily,Hanleigh,Lily.Hanleigh@yopmail.com,Alor Star
763,Johna,McClimans,Johna.McClimans@yopmail.com,Jerusalem
764,Rozele,Maisey,Rozele.Maisey@yopmail.com,Hiroshima
765,Andree,Peg,Andree.Peg@yopmail.com,Gold Coast
766,Amara,Fillbert,Amara.Fillbert@yopmail.com,Tórshavn
767,Codie,Anyah,Codie.Anyah@yopmail.com,Bangkok
768,Gertrud,Barrus,Gertrud.Barrus@yopmail.com,Libreville
769,Joeann,Selway,Joeann.Selway@yopmail.com,Tampa
770,Vita,Drisko,Vita.Drisko@yopmail.com,Sucre
771,Jillayne,Hebner,Jillayne.Hebner@yopmail.com,Kingstown
772,Lita,Albertine,Lita.Albertine@yopmail.com,Boston
773,Layla,Smitt,Layla.Smitt@yopmail.com,Dresden
774,Nadine,Jobi,Nadine.Jobi@yopmail.com,Aberdeen
775,Magdalena,Bouchard,Magdalena.Bouchard@yopmail.com,Marseille
776,Augustine,Narton,Augustine.Narton@yopmail.com,Bangkok
777,Lorne,Selway,Lorne.Selway@yopmail.com,Adana
778,Shell,Bergman,Shell.Bergman@yopmail.com,São Paulo
779,Constance,Darbie,Constance.Darbie@yopmail.com,Arequipa
780,Cordi,Miru,Cordi.Miru@yopmail.com,Bridgetown
781,Diena,Greenwald,Diena.Greenwald@yopmail.com,Rabi Island
782,Mireielle,Virgin,Mireielle.Virgin@yopmail.com,Gibraltar
783,Jany,Ailyn,Jany.Ailyn@yopmail.com,Baghdad
784,Jsandye,Saint,Jsandye.Saint@yopmail.com,Monaco
785,Melodie,McCutcheon,Melodie.McCutcheon@yopmail.com,Vaduz
786,Anica,Thar,Anica.Thar@yopmail.com,Baku
787,Aubrie,Hubert,Aubrie.Hubert@yopmail.com,La Paz
788,Ida,Elo,Ida.Elo@yopmail.com,Christchurch
789,Codie,Goldina,Codie.Goldina@yopmail.com,Glasgow
790,Basia,Weinreb,Basia.Weinreb@yopmail.com,Mecca
791,Kylynn,Schroth,Kylynn.Schroth@yopmail.com,Managua
792,Shell,Amasa,Shell.Amasa@yopmail.com,Belmopan
793,Georgina,Cornelia,Georgina.Cornelia@yopmail.com,New Delhi
794,Blondelle,Burch,Blondelle.Burch@yopmail.com,Málaga
795,Dale,Tamar,Dale.Tamar@yopmail.com,Pune
796,Kassey,Autrey,Kassey.Autrey@yopmail.com,Karachi
797,Raina,Willie,Raina.Willie@yopmail.com,Dili
798,Marsiella,Phyllis,Marsiella.Phyllis@yopmail.com,Copenhagen
799,Alameda,Wolfgram,Alameda.Wolfgram@yopmail.com,İzmir
800,Di,Eldrid,Di.Eldrid@yopmail.com,Bern
801,Zaria,Maisey,Zaria.Maisey@yopmail.com,San Antonio
802,Vanessa,Read,Vanessa.Read@yopmail.com,Medina
803,Giustina,Kesley,Giustina.Kesley@yopmail.com,Santiago
804,Wilma,Germann,Wilma.Germann@yopmail.com,Shijiazhuang
805,Jinny,Stav,Jinny.Stav@yopmail.com,Salt Lake City
806,Loree,Etom,Loree.Etom@yopmail.com,Tunis
807,Phedra,Pulsifer,Phedra.Pulsifer@yopmail.com,Yaren District
808,Hyacinthe,Sothena,Hyacinthe.Sothena@yopmail.com,Baku
809,Ana,Dalli,Ana.Dalli@yopmail.com,Rabi Island
810,Frieda,Hashim,Frieda.Hashim@yopmail.com,Pretoria
811,Minne,Dorothy,Minne.Dorothy@yopmail.com,Pristina
812,Theodora,Evvie,Theodora.Evvie@yopmail.com,Chaguanas
813,Carol-Jean,Sandye,Carol-Jean.Sandye@yopmail.com,Invercargill
814,Darlleen,Ilka,Darlleen.Ilka@yopmail.com,Iquitos
815,Juliane,Swigart,Juliane.Swigart@yopmail.com,Belém
816,Jorry,Ferrell,Jorry.Ferrell@yopmail.com,Pago Pago
817,Fanchon,Irmine,Fanchon.Irmine@yopmail.com,Hagåtña
818,Priscilla,Swanhildas,Priscilla.Swanhildas@yopmail.com,Magadan
819,Codie,Lorenz,Codie.Lorenz@yopmail.com,Dallas
820,Lanna,Kendrick,Lanna.Kendrick@yopmail.com,Vladivostok
821,Antonietta,Santoro,Antonietta.Santoro@yopmail.com,Rabi Island
822,Diena,Cherianne,Diena.Cherianne@yopmail.com,Kaohsiung
823,Nickie,Hirsch,Nickie.Hirsch@yopmail.com,Vientiane
824,Jemie,Romelda,Jemie.Romelda@yopmail.com,Medina
825,Elvira,Edvard,Elvira.Edvard@yopmail.com,Lima
826,Maridel,Hanshaw,Maridel.Hanshaw@yopmail.com,Nizhny Novgorod
827,Dari,Stefa,Dari.Stefa@yopmail.com,Miri
828,Maud,Reneta,Maud.Reneta@yopmail.com,Gaziantep
829,Penelopa,Mata,Penelopa.Mata@yopmail.com,Luanda
830,Imojean,Ellord,Imojean.Ellord@yopmail.com,Konya
831,Cyndie,Olympium,Cyndie.Olympium@yopmail.com,Hamburg
832,Anica,Skell,Anica.Skell@yopmail.com,Melbourne
833,Cyb,Eliathas,Cyb.Eliathas@yopmail.com,Belfast
834,Tina,Jeanne,Tina.Jeanne@yopmail.com,Chaguanas
835,Micheline,Vanni,Micheline.Vanni@yopmail.com,Valletta
836,Harmonia,Aloise,Harmonia.Aloise@yopmail.com,Tehran
837,Marsiella,Ferino,Marsiella.Ferino@yopmail.com,Santiago de Cuba
838,Gavrielle,Honoria,Gavrielle.Honoria@yopmail.com,Nanjing
839,Carlie,Pacorro,Carlie.Pacorro@yopmail.com,St. Louis
840,Amara,Noman,Amara.Noman@yopmail.com,Bursa
841,Joy,Mozelle,Joy.Mozelle@yopmail.com,Baltimore
842,Gratia,Urania,Gratia.Urania@yopmail.com,Cuiabá
843,Celene,Calhoun,Celene.Calhoun@yopmail.com,Rosario
844,Emilia,Jess,Emilia.Jess@yopmail.com,Nuuk
845,Mildrid,Jethro,Mildrid.Jethro@yopmail.com,Vilnius
846,Millie,Kinnard,Millie.Kinnard@yopmail.com,Salt Lake City
847,Charissa,Blake,Charissa.Blake@yopmail.com,Surat
848,Dale,Morehouse,Dale.Morehouse@yopmail.com,Sitka
849,Mureil,Kauppi,Mureil.Kauppi@yopmail.com,Cebu City
850,Maisey,Ethban,Maisey.Ethban@yopmail.com,San Fernando
851,Emylee,Auberbach,Emylee.Auberbach@yopmail.com,Tianjin
852,Renie,Wenoa,Renie.Wenoa@yopmail.com,Macapá
853,Ardeen,Herrera,Ardeen.Herrera@yopmail.com,Puebla
854,Anica,Ellord,Anica.Ellord@yopmail.com,Reykjavík
855,Dania,Egbert,Dania.Egbert@yopmail.com,Graz
856,Dawn,Vharat,Dawn.Vharat@yopmail.com,Srinagar
857,Mallory,Horan,Mallory.Horan@yopmail.com,Oklahoma City
858,Susan,Lilybelle,Susan.Lilybelle@yopmail.com,Mata-Utu
859,Darci,Chem,Darci.Chem@yopmail.com,Addis Ababa
860,Quintina,Pip,Quintina.Pip@yopmail.com,Bilbao
861,Kristina,Tjon,Kristina.Tjon@yopmail.com,Kinshasa
862,Roz,Melony,Roz.Melony@yopmail.com,Daegu
863,Ginnie,Abbot,Ginnie.Abbot@yopmail.com,Port-au-Prince
864,Kathi,Killigrew,Kathi.Killigrew@yopmail.com,Malang
865,Marcelline,Madelene,Marcelline.Madelene@yopmail.com,São Tomé
866,Ana,Rebecka,Ana.Rebecka@yopmail.com,Malang
867,Juliane,Gillan,Juliane.Gillan@yopmail.com,Shillong
868,Madalyn,Vastah,Madalyn.Vastah@yopmail.com,Kandy
869,Farrah,Jillane,Farrah.Jillane@yopmail.com,Brasília
870,Stacey,Bebe,Stacey.Bebe@yopmail.com,Gaziantep
871,Julieta,Virgin,Julieta.Virgin@yopmail.com,Tampa
872,Sandie,Pacorro,Sandie.Pacorro@yopmail.com,Shijiazhuang
873,Bee,Winthorpe,Bee.Winthorpe@yopmail.com,Makassar
874,Grier,Brodench,Grier.Brodench@yopmail.com,Concepción
875,Merry,Sidonius,Merry.Sidonius@yopmail.com,Koror
876,Elmira,Hortensia,Elmira.Hortensia@yopmail.com,Las Palmas de Gran Canaria
877,Miquela,Tarrant,Miquela.Tarrant@yopmail.com,Virginia Beach
878,Helena,Sinegold,Helena.Sinegold@yopmail.com,Gold Coast
879,Kamilah,Bennie,Kamilah.Bennie@yopmail.com,Sydney
880,Gratia,Wiener,Gratia.Wiener@yopmail.com,Cork (city)
881,Nita,Travax,Nita.Travax@yopmail.com,Santo Domingo
882,Frieda,Carvey,Frieda.Carvey@yopmail.com,Geneva
883,Jean,Tarrant,Jean.Tarrant@yopmail.com,Liverpool
884,Anestassia,Philipp,Anestassia.Philipp@yopmail.com,Hangzhou
885,Melodie,Marcellus,Melodie.Marcellus@yopmail.com,Montreal
886,Mireielle,Mintz,Mireielle.Mintz@yopmail.com,Manaus
887,Sonni,Ventre,Sonni.Ventre@yopmail.com,Xining
888,Marcelline,Esmaria,Marcelline.Esmaria@yopmail.com,Nantes
889,Karina,Wooster,Karina.Wooster@yopmail.com,Manzini
890,Elyssa,Gibbeon,Elyssa.Gibbeon@yopmail.com,Graz
891,Modestia,Xerxes,Modestia.Xerxes@yopmail.com,Johor Bahru
892,Elvira,Kazimir,Elvira.Kazimir@yopmail.com,Dresden
893,Devina,Elvyn,Devina.Elvyn@yopmail.com,Providence
894,Renie,Sancho,Renie.Sancho@yopmail.com,Jerusalem
895,Karena,Bandeen,Karena.Bandeen@yopmail.com,Miami
896,Dale,Catie,Dale.Catie@yopmail.com,Albuquerque
897,Marjie,Greyson,Marjie.Greyson@yopmail.com,Rio Branco
898,Paule,Kress,Paule.Kress@yopmail.com,Djibouti (city)
899,Doro,Rosemary,Doro.Rosemary@yopmail.com,Paramaribo
900,Alejandra,Rese,Alejandra.Rese@yopmail.com,Bandung
901,Robbi,Gaal,Robbi.Gaal@yopmail.com,Yokohama
902,Angela,Bonucci,Angela.Bonucci@yopmail.com,Gibraltar
903,Nikki,Docilla,Nikki.Docilla@yopmail.com,Port Hedland
904,Andeee,Gahl,Andeee.Gahl@yopmail.com,Winnipeg
905,Cathyleen,Ezar,Cathyleen.Ezar@yopmail.com,Cartagena
906,Binny,Melleta,Binny.Melleta@yopmail.com,Monterrey
907,Constance,Jerold,Constance.Jerold@yopmail.com,Montreal
908,Cassondra,Candy,Cassondra.Candy@yopmail.com,Saint-Denis
909,Aigneis,Braun,Aigneis.Braun@yopmail.com,Porto-Novo
910,Carilyn,Hepsibah,Carilyn.Hepsibah@yopmail.com,Kano
911,Jacquetta,Vale,Jacquetta.Vale@yopmail.com,Tegucigalpa
912,Hettie,Cimbura,Hettie.Cimbura@yopmail.com,Cardiff
913,Letizia,Sancho,Letizia.Sancho@yopmail.com,Kingstown
914,Alleen,Maryanne,Alleen.Maryanne@yopmail.com,Adamstown
915,Belinda,Ardeha,Belinda.Ardeha@yopmail.com,Budapest
916,Cyb,Bettine,Cyb.Bettine@yopmail.com,Jinan
917,Halette,Quinn,Halette.Quinn@yopmail.com,Vancouver
918,Meg,Dom,Meg.Dom@yopmail.com,Sofia
919,Teddie,Zola,Teddie.Zola@yopmail.com,Karachi
920,Helena,Allina,Helena.Allina@yopmail.com,Barcelona
921,Yvonne,Anton,Yvonne.Anton@yopmail.com,Sucre
922,Julieta,Secrest,Julieta.Secrest@yopmail.com,Cleveland
923,Elyssa,Estella,Elyssa.Estella@yopmail.com,Ürümqi
924,Jean,Ulphia,Jean.Ulphia@yopmail.com,Manama
925,Millie,Dituri,Millie.Dituri@yopmail.com,Ambon
926,Darlleen,Freddi,Darlleen.Freddi@yopmail.com,Vladivostok
927,Allis,Elbertina,Allis.Elbertina@yopmail.com,Paramaribo
928,Glenda,Kevon,Glenda.Kevon@yopmail.com,Shanghai
929,Jsandye,Girardo,Jsandye.Girardo@yopmail.com,Vilnius
930,Paola,Jerald,Paola.Jerald@yopmail.com,Koulikoro
931,Jaime,Brandice,Jaime.Brandice@yopmail.com,Phuket (city)
932,Robinia,Jess,Robinia.Jess@yopmail.com,Albuquerque
933,Gale,Colbert,Gale.Colbert@yopmail.com,Rio de Janeiro
934,Charissa,Phyllis,Charissa.Phyllis@yopmail.com,Podgorica
935,Stevana,Nore,Stevana.Nore@yopmail.com,Luxembourg (city)
936,Ivett,Plato,Ivett.Plato@yopmail.com,Lanzhou
937,Edyth,Brunell,Edyth.Brunell@yopmail.com,Espoo
938,Amii,Engdahl,Amii.Engdahl@yopmail.com,Las Palmas de Gran Canaria
939,Starla,Girardo,Starla.Girardo@yopmail.com,Virginia Beach
940,Dawn,Buckler,Dawn.Buckler@yopmail.com,Ottawa
941,Lucille,Land,Lucille.Land@yopmail.com,Abu Dhabi
942,Jordan,Alejoa,Jordan.Alejoa@yopmail.com,Multan
943,Evita,Cordi,Evita.Cordi@yopmail.com,Lucknow
944,Olwen,Duwalt,Olwen.Duwalt@yopmail.com,Santa Cruz de Tenerife
945,Calla,Juan,Calla.Juan@yopmail.com,Bangkok
946,Kimberley,Jammal,Kimberley.Jammal@yopmail.com,Riyadh
947,Claresta,Auberbach,Claresta.Auberbach@yopmail.com,Khartoum
948,Valera,Ventre,Valera.Ventre@yopmail.com,Charlottetown
949,Teddie,Berne,Teddie.Berne@yopmail.com,Santa Cruz de Tenerife
950,Frieda,Pauly,Frieda.Pauly@yopmail.com,Monaco
951,Wilma,Delacourt,Wilma.Delacourt@yopmail.com,El Paso
952,Adelle,Hutchison,Adelle.Hutchison@yopmail.com,Lucknow
953,Joelly,Havens,Joelly.Havens@yopmail.com,Vitória
954,Aurelie,Jillane,Aurelie.Jillane@yopmail.com,Magadan
955,Reeba,Docilla,Reeba.Docilla@yopmail.com,Funafuti
956,Natka,Hoban,Natka.Hoban@yopmail.com,Kanpur
957,Priscilla,Niccolo,Priscilla.Niccolo@yopmail.com,Guwahati
958,Robbi,Huggins,Robbi.Huggins@yopmail.com,Los Angeles
959,Bobinette,Lubin,Bobinette.Lubin@yopmail.com,Kabul
960,Dari,Garrison,Dari.Garrison@yopmail.com,Faisalabad
961,Frank,Rubie,Frank.Rubie@yopmail.com,Montreal
962,Hollie,Sikorski,Hollie.Sikorski@yopmail.com,Gaborone
963,Sandie,Schwejda,Sandie.Schwejda@yopmail.com,Jamestown
964,Anica,Ethban,Anica.Ethban@yopmail.com,Kolkata
965,Lily,Darbie,Lily.Darbie@yopmail.com,Belgrade
966,Selma,Dex,Selma.Dex@yopmail.com,Stanley
967,Catrina,Georas,Catrina.Georas@yopmail.com,Kandy
968,Daphne,Lissi,Daphne.Lissi@yopmail.com,Arbil
969,Meriel,Guildroy,Meriel.Guildroy@yopmail.com,Casablanca
970,Leona,Flyn,Leona.Flyn@yopmail.com,Saint-Denis
971,Rayna,Alabaster,Rayna.Alabaster@yopmail.com,Córdoba
972,Bill,Edee,Bill.Edee@yopmail.com,Rio de Janeiro
973,Gisela,Read,Gisela.Read@yopmail.com,Bulawayo
974,Emelina,Irmine,Emelina.Irmine@yopmail.com,Antwerp
975,Sonni,Cimbura,Sonni.Cimbura@yopmail.com,Managua
976,Petronia,Nelsen,Petronia.Nelsen@yopmail.com,San Juan
977,Tera,Quinn,Tera.Quinn@yopmail.com,Munich
978,Jerry,O'Neill,Jerry.O'Neill@yopmail.com,Hyderabad
979,Katharina,Infield,Katharina.Infield@yopmail.com,Nairobi
980,Katuscha,Cookie,Katuscha.Cookie@yopmail.com,Virginia Beach
981,Jacquetta,Abram,Jacquetta.Abram@yopmail.com,Birmingham
982,Leia,Ferino,Leia.Ferino@yopmail.com,Thessaloniki
983,Emilia,Joseph,Emilia.Joseph@yopmail.com,Phuket (city)
984,Amara,Deegan,Amara.Deegan@yopmail.com,Davao City
985,Coral,Reneta,Coral.Reneta@yopmail.com,Tashkent
986,Teddie,Howlyn,Teddie.Howlyn@yopmail.com,Almaty
987,Leontine,Bashemeth,Leontine.Bashemeth@yopmail.com,Toulouse
988,Sonni,Pernick,Sonni.Pernick@yopmail.com,Dar es Salaam
989,Karly,Sheng,Karly.Sheng@yopmail.com,Christchurch
990,Lusa,Eiser,Lusa.Eiser@yopmail.com,Taiyuan
991,Krystle,Brenn,Krystle.Brenn@yopmail.com,Nukuʻalofa
992,Amalie,Dyche,Amalie.Dyche@yopmail.com,Norilsk
993,Misha,Georas,Misha.Georas@yopmail.com,Innsbruck
994,Heddie,Eckblad,Heddie.Eckblad@yopmail.com,Huế
995,Karina,Ingra,Karina.Ingra@yopmail.com,Odessa
996,Libbie,Dominy,Libbie.Dominy@yopmail.com,Tirana
997,Cyb,Stuart,Cyb.Stuart@yopmail.com,Nuuk
998,Cecile,Lissi,Cecile.Lissi@yopmail.com,Kansas City
999,Hyacinthe,Lilas,Hyacinthe.Lilas@yopmail.com,Guwahati
1000,Maud,Borrell,Maud.Borrell@yopmail.com,Khartoum